Song Title,First,Last,Total,L100,SLP,TYPE
Burnout Man,2/24/85,2/24/85,1,0,3239,Cover
Thinkin',2/24/85,2/24/85,1,0,3239,Cover
Wipeout Jam,2/24/85,2/24/85,1,0,3239,Cover
Broken String Blues,10/24/85,10/24/85,1,0,3236,Cover
Born To Be Wild,4/25/86,4/25/86,1,0,3220,Cover
Foxy Lady,4/7/86,4/25/86,2,0,3220,Cover
Wurm,7/8/86,7/8/86,1,0,3205,Cover
The Chain,7/21/86,8/11/86,2,0,3197,Cover
Allhambra,12/8/86,12/8/86,1,0,3176,Original
New Minglewood Blues,??/??/86,12/12/86,10,0,3175,Cover
That's What Love Will Make You Do,10/6/86,1/3/87,7,0,3171,Cover
Wait for No One,2/24/85,5/13/87,2,0,3136,Original
Bertha,6/1/87,6/1/87,1,0,3126,Cover
Brown Eyed Girl,2/24/85,6/1/87,2,0,3126,Cover
Next Time You See Me,6/1/87,6/1/87,1,0,3126,Cover
Key to the Highway,6/1/87,9/8/87,2,0,3107,Cover
Who Do You Love,9/8/87,9/8/87,1,0,3107,Cover
You Gotta Move,6/1/87,9/8/87,2,0,3107,Cover
Scarlet Begonias,8/12/87,10/20/87,6,0,3097,Cover
"Man Smart, Woman Smarter",??/??/85,11/11/87,9,0,3093,Cover
There's A Hole In The Bucket,4/7/86,11/11/87,2,0,3093,Cover
Long Train Runnin',4/21/88,4/21/88,1,0,3056,Cover
Zebra Song,4/23/88,4/23/88,1,0,3054,Cover
Franklin's Tower,5/13/88,5/13/88,1,0,3043,Cover
I Ain't Got No Business Doin' Business Today,9/14/88,9/14/88,1,0,3010,Cover
Sugaree,2/24/85,10/2/88,35,0,2999,Cover
Wooden Ships,9/15/86,10/11/88,17,0,2995,Cover
Stranglehold,10/20/88,10/20/88,1,0,2989,Cover
Boys In The Barroom,11/19/88,11/25/88,2,0,2975,Cover
Iko Iko,2/24/85,1/26/89,21,0,2954,Cover
China Cat Sunflower,4/17/86,2/1/89,50,0,2953,Cover
Sweetness,2/1/89,2/1/89,1,0,2953,
Not Fade Away,2/24/85,2/14/89,29,0,2949,Cover
Cryptical Envelopment,6/22/85,3/11/89,32,0,2945,Cover
The Other One,2/24/85,3/11/89,47,0,2945,Cover
Me And My Uncle,5/13/87,5/5/89,65,0,2928,Cover
Another Man Done Gone,5/13/87,5/27/89,19,0,2924,Cover
Shouldn't Have Took More Than You Gave,3/17/86,5/27/89,25,0,2924,Cover
Black-Eyed Peas Jam,10/31/89,10/31/89,1,0,2878,
Shoot Out At The Fantasy Factory,10/31/89,12/31/89,9,0,2848,Cover
Snorkle Search,4/20/90,4/20/90,1,0,2790,Original
I Told Her I'd Be Early,6/11/87,6/5/90,5,0,2769,Cover
Freedom,8/23/90,8/23/90,1,0,2722,
American Standard,9/19/90,9/19/90,1,0,2714,Cover
Cisco Kid,9/22/90,9/22/90,1,0,2711,Cover
Do It Again,9/22/90,9/22/90,1,0,2711,Cover
Cardboard Box,4/14/86,10/6/90,6,0,2704,Original
Sun Keep,7/5/90,10/15/90,8,0,2702,Original
Knockin' On Heaven's Door,6/22/85,11/17/90,21,0,2687,Cover
Crossroads,6/5/90,11/23/90,2,0,2685,Cover
After Midnight,12/31/87,12/29/90,10,0,2675,Cover
Reflections,1/12/91,1/31/91,2,0,2657,
Giving Love,5/10/91,5/10/91,1,0,2645,
Lady Wisdom Sleeps,8/20/90,5/18/91,3,0,2641,
That's All Right Mama,03/??/86,5/29/91,11,0,2640,Cover
I Know You Rider,4/24/86,7/6/91,28,0,2630,Cover
The Big Lagoon,10/3/91,10/3/91,1,0,2569,Cover
Hearts Gone Blind,10/3/91,10/4/91,2,0,2568,Cover
Gotta Get Mean,10/29/91,10/29/91,1,0,2552,Cover
I Like It Like That,11/3/91,11/3/91,1,0,2549,Cover
Workin' On A Building,11/21/91,11/21/91,1,0,2534,Cover
Dog Song,7/7/90,5/24/92,37,0,2468,Original
ARU/WSP Jam,2/8/92,8/9/92,7,0,2427,Original
Benefactor,7/6/91,8/31/92,4,0,2423,Original
Strictly Volunteer Jam,9/14/92,9/14/92,1,0,2412,Original
???,6/6/87,4/23/93,3,0,2321,Original
Lullaby for NYC,11/20/93,11/20/93,1,0,2209,Original
Can't Help Falling In Love,2/24/94,2/24/94,1,0,2192,Cover
Havin' A Ball,7/16/94,7/23/94,2,0,2138,Original
Analyze,7/9/94,7/27/94,2,0,2136,Original
Cleburne Terrace,11/19/88,11/4/94,6,0,2093,Original
Rotgut,10/31/95,10/31/95,1,0,1948,Cover
Waiting For The Wind To Blow Down The Tree In My Backyard,1/19/96,1/19/96,1,0,1943,Original
Highway To Heaven,1/22/96,1/22/96,1,0,1941,Cover
Yer Blues,2/7/96,2/7/96,1,0,1930,Cover
Crack And Whistle,2/13/96,2/13/96,1,0,1926,Original
Solace,1/26/96,4/13/96,8,0,1909,Cover
Get Up Early In The Morning,5/18/92,5/26/96,53,0,1896,Cover
Space Truckin',10/31/96,10/31/96,1,0,1853,Cover
Sick And Tired,11/1/96,11/1/96,1,0,1852,Cover
Indian Song,12/29/96,12/29/96,1,0,1844,Cover
Fab Fox 'Fess Jam,12/30/96,12/30/96,1,0,1843,Cover
Westport Ferry (Not Berkeley CA),12/31/96,12/31/96,1,0,1842,Cover
Long Live Rock,10/31/97,10/31/97,1,0,1745,Cover
Orange Blossom Special,1/23/96,12/30/97,6,0,1724,Cover
It Was You,7/9/97,4/28/98,7,0,1699,Original
Smoke And Burn,3/30/95,7/31/98,29,0,1654,Original
Over The Hills And Far Away,10/31/98,12/31/98,2,0,1607,Cover
Misty Mountain Hop,10/31/99,10/31/99,1,0,1513,Cover
Won't Get Fooled Again,10/31/99,10/31/99,1,0,1513,Cover
I Wish You Would,6/1/87,11/13/99,4,0,1509,Cover
Respect Yourself,12/31/99,12/31/99,1,0,1497,Cover
What A Wonderful World,12/31/99,12/31/99,1,0,1497,Cover
Train Kept A Rollin',4/5/00,4/5/00,1,0,1493,Cover
Cross Cut Saw,12/3/94,6/27/00,2,0,1465,Cover
Early In The Morning Blues,6/27/00,6/27/00,1,0,1465,Cover
West Virginia,1/26/93,10/27/00,86,0,1424,Original
Band On The Run,10/29/00,10/29/00,1,0,1422,Cover
Light My Fire,11/2/00,11/2/00,1,0,1420,Cover
Shiek,3/24/96,11/18/00,4,0,1410,Cover
Magic Bus,11/30/00,11/30/00,1,0,1402,Cover
Boogie Chillen,6/22/01,6/22/01,1,0,1378,Cover
Raise The Roof,1/27/94,6/22/01,45,0,1378,Original
The Wind Cries Mary,10/31/99,7/29/01,5,0,1349,Cover
Lonely Avenue,8/19/01,8/19/01,1,0,1347,Cover
Crime And Punishment,10/17/01,10/17/01,1,0,1340,Cover
Ball of Confusion,7/22/89,10/31/01,3,0,1329,Cover
Joe's Garage,10/31/01,10/31/01,1,0,1329,Cover
Love For Sale,10/31/01,10/31/01,1,0,1329,Cover
Long May You Live,4/5/86,11/8/01,8,0,1323,Cover
Drive,10/17/01,11/17/01,2,0,1315,Original
Adirondacks,12/31/01,12/31/01,1,0,1307,Cover
My Last Act,12/31/01,12/31/01,1,0,1307,Cover
Scholarship,12/31/01,4/22/02,2,0,1303,Cover
You Got It All Wrong,4/22/02,4/22/02,1,0,1303,Cover
You're With Me Now,4/22/02,4/22/02,1,0,1303,Cover
Testify,12/31/99,6/22/02,2,0,1297,Cover
Hot In Herre,10/31/02,10/31/02,1,0,1272,Cover
Louisiana Truck Stop,11/2/02,11/2/02,1,0,1270,Cover
Get Up (I Feel Like Being A Sex Machine),10/31/02,11/10/02,2,0,1264,Cover
Rainy Day Women #12 & 35,4/20/02,11/10/02,2,0,1264,Cover
Skin It Back,10/31/02,11/12/02,3,0,1263,Cover
God Was In The Water,7/12/02,11/15/02,7,0,1261,Cover
And When I Die,12/31/02,12/31/02,1,0,1258,Cover
Blind,12/31/02,12/31/02,1,0,1258,Cover
This Week In Baseball,5/7/03,5/7/03,1,0,1236,Cover
"Baby, Let Me Hold Your Hand",1/25/96,5/14/03,6,0,1232,Cover
Ring of Fire,5/16/03,5/16/03,1,0,1231,Cover
Daddy's Drinkin' Again,7/29/03,7/29/03,1,0,1202,Original
Grandma's Hands,8/7/03,8/7/03,1,0,1195,Cover
Tears of a Woman,7/7/99,8/9/03,16,0,1193,Original
We'll Be Fine,6/26/01,10/5/03,3,0,1181,Cover
"Shake, Rattle, And Roll",11/1/96,10/12/03,3,0,1176,Cover
She Walks Right In,10/12/03,10/12/03,1,0,1176,Cover
Meeting of the Waters,4/18/03,10/26/03,13,0,1166,Original
Yard of Blonde Girls,5/10/03,10/26/03,11,0,1166,Cover
Love Is The Drug,10/31/03,10/31/03,1,0,1163,Cover
Pet Sematary,10/31/03,10/31/03,1,0,1163,Cover
The Time Warp,10/31/03,10/31/03,1,0,1163,Cover
On Broadway,11/1/03,11/1/03,1,0,1162,Cover
Get In Get Out,7/5/02,12/31/03,12,0,1157,Cover
Last Date,4/7/05,4/7/05,1,0,1147,Cover
Longer Look,4/14/05,4/14/05,1,0,1141,Original
Busted,4/20/05,4/20/05,1,0,1136,Cover
Tonight's the Night,5/14/03,4/26/05,9,0,1132,Cover
We Gotta Get Out Of This Place,5/7/05,5/7/05,1,0,1124,Cover
I Ain't Superstitious,6/12/05,6/12/05,1,0,1122,Cover
Little Red Rooster,6/12/05,6/12/05,1,0,1122,Cover
Wang Dang Doodle,9/8/87,6/12/05,3,0,1122,Cover
Run For Your Life,4/16/05,9/1/05,9,0,1091,Cover
If You'se A Viper,4/20/05,10/4/05,6,0,1080,Cover
Daisy Mae,11/1/02,10/21/05,22,0,1068,Original
Nowhere To Run,10/31/05,10/31/05,1,0,1061,Cover
Spirit In The Dark,10/31/05,10/31/05,1,0,1061,Cover
Midnight Train To Georgia,12/31/05,12/31/05,1,0,1054,Cover
Georgia On A Fast Train,12/31/05,4/22/06,2,0,1052,Cover
Junco Partner,7/21/92,5/8/06,17,0,1051,Cover
I Like The Things About Me,7/23/03,6/28/06,17,0,1043,Cover
Interstellar Overdrive,5/2/03,7/11/06,6,0,1034,Cover
Set the Controls for the Heart of the Sun Jam,7/11/06,7/11/06,1,0,1034,
Monstrosity,4/29/03,7/12/06,40,0,1033,Original
Let It Bleed,10/12/03,7/14/06,11,0,1031,Cover
The Earth Will Swallow You,4/6/90,7/18/06,27,0,1029,Original
Song For Sitara,3/30/05,7/18/06,14,0,1029,Original
Doreatha,5/13/95,7/19/06,57,0,1028,Cover
Nebulous,4/17/03,7/23/06,46,0,1025,Original
Can't Change The Past,8/10/06,8/10/06,1,0,1012,Original
Traveler's Rest,8/10/06,8/10/06,1,0,1012,Cover
Tennessee Before Daylight,8/13/06,8/13/06,1,0,1009,Cover
Cant Get There From Here,10/30/06,10/30/06,1,0,976,Cover
John's Other Jam,10/30/06,10/30/06,1,0,976,
People Are Strange,10/30/06,10/30/06,1,0,976,Cover
Radar Love,10/31/96,10/30/06,2,0,976,Cover
That Old Black Magic,10/30/06,10/30/06,1,0,976,Cover
I Want You (She's So Heavy),10/30/06,12/30/06,2,0,970,Cover
I Can't Stop Loving You,12/31/06,12/31/06,1,0,969,Cover
Shoes On Tight,3/24/07,3/30/07,2,0,962,Original
When The Clowns Come Home,3/25/05,4/10/07,32,0,955,Original
Road To Damascus,6/26/01,10/2/07,5,0,911,Cover
Bright Side of Life,10/31/07,10/31/07,1,0,892,Cover
Johnny Appleseed,10/31/07,10/31/07,1,0,892,Cover
Slip Kid,10/31/07,10/31/07,1,0,892,Cover
Welcome To My Nightmare,10/31/07,10/31/07,1,0,892,Cover
Heathen,??/??/85,4/23/08,20,0,867,Cover
Big Chief,5/1/08,5/1/08,1,0,862,Cover
Boom Boom Boom,4/1/08,5/3/08,4,0,860,Original
Stir It Up,6/22/85,6/29/08,5,0,851,Cover
You Better Run,7/30/00,7/1/08,10,0,850,Cover
Big Chief Jam,7/23/99,7/23/08,2,0,834,
Georgia On My Mind,12/31/05,9/20/08,2,0,828,Cover
Livin' In The USA,10/10/08,10/10/08,1,0,827,Original
Brown Sugar,10/31/08,10/31/08,1,0,814,Cover
Mama Kin,10/31/08,10/31/08,1,0,814,Cover
Proud Mary,10/31/08,10/31/08,1,0,814,Cover
Back In The U.S.A.,11/9/08,11/9/08,1,0,809,Cover
As Time Goes By,12/31/08,12/31/08,1,0,804,Cover
Keep Your Lamps Trimmed and Burning,2/16/87,4/18/09,9,0,799,Cover
Just Like A Woman,9/1/09,10/10/09,2,0,777,Cover
Come As You Are,10/31/09,10/31/09,1,0,770,Cover
Low Rider,03/??/86,11/4/09,155,0,768,Cover
This Masquerade,10/31/09,11/14/09,2,0,761,Cover
(Don't Go Back To) Rockville,12/30/09,12/30/09,1,0,751,Cover
Excitable Boy,12/30/09,12/30/09,1,0,751,Cover
Already Fried,4/1/08,12/31/09,12,0,750,Original
I Wish,12/31/02,12/31/09,3,0,750,Cover
Walking After Midnight,12/31/09,12/31/09,1,0,750,Cover
Wanna Be Startin' Somethin',12/31/09,12/31/09,1,0,750,Cover
Cissy Strut,8/8/03,3/25/10,2,0,749,Cover
Muffin Man,9/19/10,9/19/10,1,0,697,Cover
Like A Hurricane,9/25/10,9/25/10,1,0,693,Cover
Folsom Prison Blues,10/5/10,10/5/10,1,0,687,Cover
Right Place Wrong Time,10/30/10,10/30/10,1,0,671,Cover
Bring It On Home,10/31/10,10/31/10,1,0,670,Cover
Lola,10/31/10,10/31/10,1,0,670,Cover
You're Gonna Miss Me When I'm Gone,10/31/10,10/31/10,1,0,670,Cover
Tongue (Shuffle In A),12/31/10,12/31/10,1,0,668,Cover
Fire on the Mountain,??/??/85,2/10/11,40,0,667,Cover
Nights In White Satin,??/??/85,2/11/11,11,0,666,Cover
Feelin' Alright,2/24/85,4/15/11,95,0,654,Cover
Doo Doo Doo Doo Doo (Heartbreaker),6/12/11,6/12/11,1,0,648,Cover
Mama Told Me Not To Come,10/18/08,6/26/11,4,0,639,Cover
Wild Thing,10/24/85,6/26/11,3,0,639,Cover
Born Under A Bad Sign,10/31/05,7/6/11,3,0,633,Cover
Crippled Inside,6/17/07,7/8/11,9,0,632,Cover
Easy Wind,??/??/85,7/9/11,5,0,631,Cover
Walk On The Flood,4/1/08,9/30/11,32,0,612,Original
Strange Times,10/31/10,10/15/11,4,0,601,Cover
"Baby, Let Me Follow You Down",10/5/05,10/28/11,10,0,593,Cover
I'm Losing You,10/31/11,10/31/11,1,0,591,Cover
Outta Mind (Outta Sight),10/31/11,10/31/11,1,0,591,Cover
Love And Happiness,4/15/05,12/31/11,3,0,590,Cover
Free Somehow,4/1/08,1/24/12,9,0,589,Original
Dang Me,2/11/12,2/11/12,1,0,579,Cover
Let's Roll,2/12/12,2/12/12,1,0,578,Original
That Don't Make It Junk,4/16/11,2/18/12,4,0,576,Cover
Across the Universe,2/19/12,2/19/12,1,0,575,Cover
Happy Xmas (War Is Over),12/31/12,12/31/12,1,0,573,Cover
Midnight Special,12/31/12,12/31/12,1,0,573,Cover
Time Is On My Side,12/31/12,12/31/12,1,0,573,Cover
You'll Be Fine,9/15/97,7/9/13,31,0,535,Original
Clap Hands,7/10/13,7/10/13,1,0,534,Cover
Superstition,10/31/98,7/13/13,25,0,532,Cover
Mountain Hideaway,6/29/13,7/20/13,3,0,528,Original
Bad Moon Rising,9/7/13,9/7/13,1,0,527,Cover
Born On The Bayou,10/31/08,9/7/13,2,0,527,Cover
Fortunate Son,9/7/13,9/7/13,1,0,527,Cover
Keep On Chooglin',9/7/13,9/7/13,1,0,527,Cover
Mystic Highway,9/7/13,9/7/13,1,0,527,Cover
The Old Man Down the Road,9/7/13,9/7/13,1,0,527,Cover
Susie Q,4/25/86,9/7/13,3,0,527,Cover
Sultans of Swing,2/14/11,9/28/13,3,0,519,Cover
I Got My Mojo Workin',10/31/13,10/31/13,1,0,509,Cover
I Want Candy,10/31/13,10/31/13,1,0,509,Cover
Can't Get Enough,11/2/13,11/2/13,1,0,507,Cover
Stag-O-Lee,1/18/96,11/8/13,10,0,504,Cover
Help Me,10/31/13,11/14/13,2,0,501,Cover
Come On,12/31/13,12/31/13,1,0,496,Cover
Spill The Wine,10/31/13,12/31/13,2,0,496,Cover
Just Ain't Easy,1/10/14,1/10/14,1,0,495,Cover
Wasted Words,1/10/14,1/10/14,1,0,495,Cover
Counting Train Cars,4/15/03,3/13/14,36,0,489,Original
Tipitina,6/21/08,3/20/14,2,0,484,Cover
(Sittin' On) The Dock Of The Bay,12/29/05,3/29/14,4,0,480,Cover
Devil In Disguise,10/31/13,3/29/14,6,0,480,Cover
Plastic Jesus,3/14/14,4/12/14,3,0,473,Cover
How Come My Dog Don't Bark (When You Come Around),5/3/14,5/3/14,1,0,472,Cover
Astronomy Domine Jam,9/4/87,6/19/14,59,0,464,
Dark End of the Street,10/31/05,6/20/14,5,0,463,Cover
I've Been Working,7/11/98,6/20/14,3,0,463,Cover
Light Is Like Water,6/27/01,6/20/14,16,0,463,Cover
I Put A Spell On You,10/31/05,6/25/14,2,0,460,Cover
Chest Fever,9/14/06,6/29/14,23,0,457,Cover
Time Fades Away,12/31/13,6/29/14,5,0,457,Cover
Coach,4/22/08,7/2/14,13,0,456,Original
It's All Over Now,6/23/99,7/4/14,7,0,454,Cover
Carmelita,1/29/12,7/6/14,8,0,453,Cover
Gimme Some Lovin',9/6/14,9/6/14,1,0,451,Cover
Glad,6/22/02,9/6/14,2,0,451,Original
I'm A Man,9/6/14,9/6/14,1,0,451,Cover
Clinic Cynic,10/27/01,9/14/14,58,0,448,Original
Why Don't We Do It In The Road?,10/19/85,10/18/14,3,0,437,Cover
"Baby, Please Don't Go",10/31/08,10/29/14,6,0,429,Cover
True To My Nature,7/7/10,10/29/14,41,0,429,Original
Earache My Eye,10/31/14,10/31/14,1,0,428,Cover
Hit It And Quit It,10/31/14,10/31/14,1,0,428,Cover
Strange Brew,10/31/14,10/31/14,1,0,428,Cover
Green Onions,7/12/95,11/2/14,11,0,426,Cover
Happy (PW),12/31/14,12/31/14,1,0,423,Cover
Happy (RS),12/31/14,12/31/14,1,0,423,Cover
I Swear It Wasn't Me,1/25/15,1/25/15,1,0,420,Original
T.V. Eye,4/21/15,4/21/15,1,0,400,Cover
Thank You Falettinme Be Mice Elf Agin,8/5/89,4/24/15,33,0,398,Cover
Hercules,5/2/15,5/2/15,1,0,394,Cover
Voodoo,5/2/15,5/2/15,1,0,394,Cover
Morning Dew,8/12/87,5/14/15,20,0,393,Cover
Ramble On Rose,5/23/15,5/23/15,1,0,391,Cover
Lean On Me,12/31/14,6/28/15,2,0,380,Cover
She Caught The Katy,3/16/87,7/10/15,194,0,375,Cover
Guns of Brixton,9/12/15,9/12/15,1,0,366,Cover
You Can Get It If You Really Want,9/12/15,9/12/15,1,0,366,Cover
What's Made Milwaukee Famous (Has Made A Loser Out Of Me),10/25/15,10/25/15,1,0,362,Cover
Dooley,10/31/15,10/31/15,1,0,359,Cover
The Fishin' Hole,10/31/15,10/31/15,1,0,359,Cover
Have A Cigar,10/31/15,10/31/15,1,0,359,Cover
I Fought The Law,10/31/15,10/31/15,1,0,359,Cover
I Shot The Sheriff,10/31/15,10/31/15,1,0,359,Cover
Journey Through The Past,12/31/13,10/31/15,4,0,359,Cover
Young Lust,10/31/15,10/31/15,1,0,359,Cover
Low Down Dirty Dog Blues,12/29/15,12/29/15,1,0,358,Cover
Sitting In Limbo,9/12/15,12/29/15,2,0,358,Cover
Three Candles,4/1/08,2/19/16,33,0,344,Original
D'yer Maker,10/31/14,2/23/16,4,0,341,Cover
First We Take Manhattan,12/31/15,2/26/16,2,0,340,Cover
I Can See Clearly Now,9/12/15,2/26/16,3,0,340,Cover
Just Kissed My Baby,1/8/91,5/1/16,164,0,324,Cover
The Poorhouse Of Positive Thinking,3/21/15,5/3/16,16,0,323,Original
Mardi Gras In New Orleans,10/28/00,7/8/16,3,0,306,Cover
Electric Funeral,10/25/16,10/25/16,1,0,283,Cover
Warning,10/26/16,10/26/16,1,0,282,Cover
The Changeling,10/28/16,10/28/16,1,0,281,Cover
L.A. Woman,10/31/97,10/29/16,2,0,280,Cover
Beat On The Brat,10/31/03,10/30/16,2,0,279,Cover
Hallelujah,12/31/15,10/30/16,6,0,279,Cover
Lithium,10/30/16,10/30/16,1,0,279,Cover
Paranoid,10/31/87,10/30/16,2,0,279,Cover
A Little Help From My Friends,12/31/14,12/31/16,2,0,276,Cover
Burning Down The House,12/31/13,12/31/16,2,0,276,Cover
Crazy,3/29/05,12/31/16,48,0,276,Original
Her Dance Needs No Body,4/1/08,12/31/16,40,0,276,Original
Moondance,12/31/09,12/31/16,2,0,276,Cover
Still Crazy After All These Years,12/31/16,12/31/16,1,0,276,Cover
Time Waits For No One,10/31/08,3/2/17,9,0,271,Cover
Angels Don't Sing The Blues,7/4/15,9/17/17,21,0,255,Original
Smoking Factory,3/23/07,10/21/17,22,0,253,Original
All Right Now,10/29/17,10/29/17,1,0,249,Cover
Don't Tell The Band,6/23/01,10/29/17,19,0,249,Original
Home on the Range,10/29/17,10/29/17,1,0,249,Cover
House of the Rising Sun,11/23/01,10/29/17,3,0,249,Cover
Magic Carpet Ride,10/29/17,10/29/17,1,0,249,Cover
Yield Not To Temptation,12/31/17,12/31/17,1,0,246,Cover
Swamp,10/31/98,1/29/18,22,0,241,Cover
Love In Vain,3/16/18,3/16/18,1,0,237,Cover
Toura Loura Loura,3/17/18,3/17/18,1,0,236,Cover
Lake Of Fire,10/31/09,4/21/18,3,0,234,Cover
Solid Rock,6/11/05,6/22/18,117,0,231,Cover
Ain't No Sunshine,12/31/14,6/24/18,2,0,229,Cover
Four Years of Chances,8/24/18,8/24/18,1,0,226,Cover
Rock Steady,8/24/18,8/24/18,1,0,226,Cover
Dirty Side Down,4/24/10,9/16/18,48,0,220,Original
(Don't Fear) The Reaper,10/28/18,10/28/18,1,0,214,Cover
Aqualung,10/28/18,10/28/18,1,0,214,Cover
Drift Away,10/28/18,10/28/18,1,0,214,Cover
Here Comes The Judge,10/28/18,10/28/18,1,0,214,Cover
Jumpin' Jack Flash,10/28/18,10/28/18,1,0,214,Cover
Tiptoe Through The Tulips,10/28/18,10/28/18,1,0,214,Cover
Long Cool Woman In A Black Dress,10/29/00,12/31/18,2,0,211,Cover
Street Dogs For Breakfast,3/13/15,1/26/19,28,0,208,Original
Snake Drive,4/9/05,1/27/19,5,0,207,Cover
All Along The Watchtower,7/22/01,3/31/19,14,0,197,Cover
Trondossa,5/6/18,4/28/19,2,0,193,Cover
Familiar Reality,4/29/10,5/2/19,6,0,192,Cover
L.a.,7/15/87,7/13/19,186,0,185,Original
New Speedway Boogie,1/12/87,8/2/19,51,0,184,Cover
Cocaine,10/31/13,8/3/19,2,0,183,Cover
High Time We Went,11/1/14,8/3/19,9,0,183,Cover
Angels on High,3/27/07,8/4/19,81,0,182,Original
Cortez the Killer,10/31/01,8/4/19,7,0,182,Cover
Wishbone,11/4/88,8/23/19,27,0,181,Cover
Milk And Cookies,8/24/19,8/24/19,1,0,180,Original
Silent Night,8/24/19,8/24/19,1,0,180,Cover
Desperados Waiting For A Train,8/25/19,8/25/19,1,0,179,Cover
Jesus Was A Capricorn,8/25/19,8/25/19,1,0,179,Cover
Do What You Like,3/16/87,10/25/19,78,0,176,Cover
Down On The Farm,11/14/87,10/27/19,50,0,174,Cover
Chicken Strut,10/31/19,10/31/19,1,0,173,Cover
Hey Pocky Way,10/31/19,10/31/19,1,0,173,Cover
Man On The Moon,10/31/19,10/31/19,1,0,173,Cover
Perfect Day,10/31/19,10/31/19,1,0,173,Cover
Starman,10/31/19,10/31/19,1,0,173,Cover
Tacos,8/1/95,10/31/19,3,0,173,Cover
Volare,10/31/19,10/31/19,1,0,173,Cover
I Trusted You,10/31/19,11/2/19,2,0,171,Cover
Geraldine And The Honeybee,5/28/88,12/29/19,34,0,170,Cover
Good Morning Mr. Hard On,12/31/19,12/31/19,1,0,168,Cover
This Cruel Thing,9/25/10,12/31/19,6,0,168,Cover
Turn On Your Love Light,10/24/85,12/31/19,23,0,168,Cover
Sympathy for the Devil,4/24/86,1/27/20,33,0,163,Cover
Help Me Somebody,4/27/95,2/27/20,94,0,162,Cover
E on a G,4/3/00,2/28/20,12,0,161,Original
Somewhere In Time,2/19/12,2/29/20,4,0,160,Cover
Success Yourself,1/27/94,6/27/21,7,0,154,Cover
Wet Trombone Blues,1/27/94,6/27/21,5,0,154,Cover
Bastards In Bubbles,12/31/18,10/2/21,4,0,146,Cover
Tush,10/10/21,10/10/21,1,0,143,Cover
The Shape I'm In,9/17/95,10/23/21,32,0,140,Cover
The Ballad of John and Yoko,1/25/12,10/24/21,19,0,139,Cover
Riders On The Storm,10/31/96,10/24/21,12,0,139,Cover
Vicious,10/31/03,10/24/21,3,0,139,Cover
Pusherman,10/31/90,10/30/21,134,0,137,Cover
Such A Night,10/30/21,10/30/21,1,0,137,Cover
Werewolves of London,10/19/85,10/30/21,55,0,137,Cover
Children of the Grave,10/31/07,10/31/21,3,0,136,Cover
Feeling Gravitys Pull,10/31/21,10/31/21,1,0,136,Cover
Life on Mars?,10/31/21,10/31/21,1,0,136,Cover
Straight To Hell,10/25/15,11/19/21,2,0,133,Cover
Drinking Muddy Water,10/31/13,2/18/22,12,0,127,Cover
Zigzaggin' Through Ghostland,10/31/21,2/18/22,2,0,127,Cover
Dark Day Program,4/1/08,3/12/22,18,0,123,Original
New Blue,10/26/01,3/26/22,8,0,120,Original
Blue Sunday,10/31/98,3/27/22,5,0,119,Cover
Peace Frog,10/31/98,3/27/22,5,0,119,Cover
Chunk Of Coal,7/26/95,5/29/22,112,0,113,Cover
Morally Challenged,12/31/01,5/29/22,3,0,113,Cover
Space is the Place,5/29/22,5/29/22,1,0,113,Cover
Mambo Sun,6/26/22,6/26/22,1,0,110,Cover
You've Got To Hide Your Love Away,3/7/14,7/21/22,5,0,109,Cover
Time Waits,7/16/03,7/23/22,32,0,107,Original
Basically Frightened,2/14/11,7/25/22,4,0,105,Cover
Mountain Jam,4/23/87,7/25/22,10,0,105,Cover
Galleon,10/3/95,8/10/22,44,0,104,Original
Sweet Leaf,10/31/89,8/10/22,17,0,104,Cover
It Ain't No Use,1/13/90,8/11/22,365,0,103,Cover
Bird Song,03/??/86,8/13/22,26,0,101,Cover
Bayou Lena,10/26/01,8/26/22,54,1,100,Original
Glory,9/20/95,8/26/22,118,1,100,Original
Happy Child,3/11/89,9/17/22,92,1,96,Original
Sell Sell,2/19/12,9/18/22,76,1,95,Cover
Gotta Have Money,10/2/22,10/2/22,1,1,93,Cover
Mercy Train To Bogart,6/27/21,10/21/22,2,1,92,Cover
Flicker,4/3/07,10/22/22,87,1,91,Original
On Your Way Down,11/28/09,10/23/22,7,1,90,Cover
Dragonaut Jam,10/29/22,10/29/22,1,1,88,
Dream Warrior,10/30/10,10/29/22,2,1,88,Cover
Dreams,10/29/22,10/29/22,1,1,88,Cover
Enter Sandman,10/31/07,10/29/22,2,1,88,Cover
Nature's Way,10/29/22,10/29/22,1,1,88,Cover
Phosphene Dream,10/29/22,10/29/22,1,1,88,Cover
Sweet Dreams (PC),10/29/22,10/29/22,1,1,88,Cover
Sweet Dreams (RB),10/29/22,10/29/22,1,1,88,Cover
Love The One You're With,6/22/85,12/31/22,11,1,86,Cover
Many Rivers To Cross,1/28/12,12/31/22,13,1,86,Cover
Sandbox,4/3/96,12/31/22,25,1,86,Original
Casa Del Grillo,7/16/00,1/17/23,89,2,81,Original
You Should Be Glad,4/1/05,2/9/23,171,4,80,Original
Jaded Tourist,6/27/10,2/11/23,39,2,78,Original
A of D,2/1/89,3/3/23,275,2,77,Original
This Friendly World,10/31/19,3/3/23,3,1,77,Cover
Gradle,3/22/95,3/4/23,161,1,76,Original
Nobody's Fault But Mine,2/13/86,3/5/23,72,1,75,Cover
Spoonful,2/13/86,3/24/23,39,1,74,Cover
Come Together,6/11/05,4/15/23,11,1,71,Cover
Heroes,8/4/93,4/15/23,311,1,71,Original
Papa Legba,12/31/87,4/18/23,372,1,69,Cover
When You Coming Home,7/31/10,4/18/23,10,1,69,Original
Ace of Spades,10/31/13,4/19/23,7,2,68,Cover
I Got The Same Old Blues,3/25/23,4/21/23,2,2,67,Cover
1 x 1,3/23/95,5/27/23,147,2,63,Cover
Are You Ready For The Country?,4/30/03,5/27/23,30,1,63,Cover
Thin Air (Smells Like Mississippi),4/12/03,5/27/23,105,2,63,Original
Don't Drink The Water,5/28/23,5/28/23,1,1,62,Cover
Jesus Just Left Chicago,11/28/09,5/28/23,30,2,62,Cover
Trouble,3/11/89,7/28/23,81,1,58,Cover
Vampire Blues,10/31/05,7/28/23,44,2,58,Cover
Elevator To The Moon,4/4/91,7/29/23,2,1,57,Cover
Ophelia,7/15/87,8/26/23,147,1,54,Cover
Sundown Betty,1/29/18,8/27/23,24,6,53,Original
Entering A Black Hole Backwards,2/27/92,9/15/23,59,1,52,Original
Last Dance,6/22/85,9/15/23,102,2,52,Cover
Quarter Tank Of Gasoline,3/4/92,9/16/23,33,2,51,Cover
Use Me,10/31/97,9/16/23,98,1,51,Cover
The Golden Road (To Unlimited Devotion),10/28/23,10/28/23,1,1,46,Cover
Heart of Gold,10/31/14,10/28/23,7,1,46,Cover
Mr. Crowley,10/28/23,10/28/23,1,1,46,Cover
Over The Rainbow,10/28/23,10/28/23,1,1,46,Cover
Puppy Sleeps,12/31/01,10/28/23,8,1,46,Cover
Snowblind,10/28/23,10/28/23,1,1,46,Cover
This Must Be The Place (Naïve Melody),10/28/23,10/28/23,1,1,46,Cover
Wish You Were Here,4/25/86,10/28/23,61,1,46,Cover
The Wizard,10/28/23,10/28/23,1,1,46,Cover
Roadhouse Blues,1/25/22,12/29/23,2,1,45,Cover
Soul Kitchen,10/28/00,12/29/23,3,1,45,Cover
Crazy Train,10/28/23,12/30/23,2,2,44,Cover
Tickle the Truth,4/4/07,12/30/23,91,5,44,Original
Time Zones,4/30/05,12/30/23,126,5,44,Original
Dirty Business,??/??/85,12/31/23,78,2,43,Cover
Hope In A Hopeless World,2/6/96,12/31/23,171,3,43,Cover
I Wanna Be Sedated,10/31/03,12/31/23,7,1,43,Cover
I'll Sleep When I'm Dead,12/31/23,12/31/23,1,1,43,Cover
My Generation,12/31/23,12/31/23,1,1,43,Cover
Bird On A Wire,8/13/22,1/19/24,4,3,41,Cover
St. Louis,10/19/07,1/20/24,71,1,40,Original
A Hard Rain's A-Gonna Fall,12/31/15,3/22/24,20,4,39,Cover
Stranger in a Strange Land,11/19/21,3/22/24,7,4,39,Cover
Sleepy Monkey,??/??/85,3/23/24,245,5,38,Original
Room at the Top,3/24/24,3/24/24,1,1,37,Cover
Breathing Slow,4/7/86,4/14/24,89,1,36,Original
Tortured Artist,4/11/03,4/14/24,87,1,36,Original
Who Do You Belong To?,7/1/93,4/14/24,258,5,36,Cover
Can't Find My Way Home,8/8/88,4/15/24,184,2,35,Cover
Happy,9/24/95,4/15/24,159,2,35,Original
Heaven,??/??/87,4/16/24,330,3,34,Cover
Let's Get Down To Business,10/31/94,5/24/24,200,2,31,Cover
Dream Song,3/13/92,5/25/24,204,3,30,Original
Honey Bee,10/28/17,5/25/24,21,5,30,Cover
Piece of My Heart,8/24/18,5/25/24,2,1,30,Cover
Waitin' For The Bus,10/31/09,5/25/24,22,2,30,Cover
B of D,2/14/89,6/22/24,265,4,27,Original
Steven's Cat,3/28/15,2/14/25,53,2,25,Original
Heroes (DB),12/31/15,2/15/25,5,1,24,Cover
Four Cornered Room,2/7/96,2/16/25,48,4,23,Cover
Machine Gun,11/2/14,2/16/25,9,2,23,Cover
Sometimes,8/23/99,2/16/25,118,5,23,Cover
The Take Out,8/22/87,2/16/25,363,7,23,Original
Maggot Brain,10/31/92,3/21/25,106,2,22,Cover
One Kind Favor,7/18/97,3/21/25,55,1,22,Cover
Stop-Go,4/7/86,3/21/25,779,7,22,Original
Walk On,1/12/87,3/22/25,266,6,21,Original
You Wreck Me,10/20/17,3/22/25,21,5,21,Cover
Vacation,9/15/86,3/23/25,142,5,20,Original
Coconut,2/24/85,4/24/25,321,3,19,Original
No Sugar Tonight/New Mother Nature,2/24/85,4/24/25,194,8,19,Cover
Godzilla,10/31/97,4/25/25,4,1,18,Cover
Proving Ground,05/??/89,4/25/25,662,7,18,Original
Black Sabbath,10/31/87,4/26/25,4,1,17,Cover
Blue Carousel,9/16/23,4/26/25,9,9,17,Original
Down,4/16/00,4/26/25,141,9,17,Original
Good Morning Little Schoolgirl,10/5/87,5/16/25,88,2,16,Cover
Old Neighborhood,10/28/01,5/16/25,167,7,16,Original
Sparks Fly,5/10/03,5/16/25,6,1,16,Original
"Weak Brain, Narrow Mind",7/16/97,5/16/25,103,3,16,Cover
Dear Mr. Fantasy,??/??/85,5/17/25,188,3,15,Cover
Little Wing,6/22/85,5/17/25,71,3,15,Cover
Papa Johnny Road,4/15/03,5/17/25,124,2,15,Original
Dark Bar,6/28/08,6/4/25,57,13,14,Original
From The Cradle,4/22/06,6/4/25,125,3,14,Original
Weight Of The World,10/31/90,6/4/25,589,2,14,Original
Don't Wanna Lose You,4/11/03,6/5/25,95,5,13,Original
Rockin' In The Free World,10/4/94,6/5/25,8,2,13,Cover
Let's Get The Show On The Road,2/24/85,6/6/25,137,4,12,Cover
None of Us Are Free,7/3/05,6/6/25,51,2,12,Cover
Can't Get High,7/9/93,6/27/25,372,12,11,Cover
The Harder They Come,7/27/01,6/27/25,5,1,11,Cover
I'm So Glad,7/8/03,6/27/25,27,11,11,Cover
Mercy,4/1/91,6/27/25,306,7,11,Original
Send Your Mind,4/2/91,6/27/25,342,9,11,Cover
Time Is Free,10/30/93,6/27/25,34,1,11,Cover
You Can't Always Get What You Want,2/12/12,6/27/25,20,5,11,Cover
Give,4/7/00,6/28/25,235,7,10,Original
Jessica,12/29/15,6/28/25,3,2,10,Cover
Junior,4/9/93,6/28/25,454,14,10,Cover
Me And The Devil Blues,8/7/89,6/28/25,269,4,10,Cover
Sharon,6/16/86,6/28/25,81,7,10,Cover
Tail Dragger,10/31/11,6/28/25,90,10,10,Cover
Comfortably Numb,6/29/25,6/29/25,1,1,9,Cover
Dead Flowers,12/29/15,6/29/25,2,1,9,Cover
End Of The Show,1/27/94,6/29/25,111,6,9,Cover
Honky Red,4/5/14,6/29/25,86,18,9,Cover
The Last Straw,12/31/87,6/29/25,299,7,9,Original
Life As A Tree,8/25/19,6/29/25,4,3,9,Original
Better Off,2/7/92,7/24/25,340,10,8,Original
Fairies Wear Boots,6/17/07,7/24/25,27,4,8,Cover
Fishing,4/16/03,7/24/25,62,8,8,Original
Jamais Vu,3/14/15,7/24/25,41,11,8,Original
Mr. Soul,5/13/87,7/24/25,389,11,8,Cover
Old Joe,4/3/00,7/24/25,107,6,8,Original
Slippin' Into Darkness,10/31/02,7/24/25,79,6,8,Cover
Travelin' Man,5/2/03,7/24/25,92,9,8,Original
The Waker,10/7/98,7/24/25,99,9,8,Original
Chainsaw City,8/25/90,7/25/25,167,9,7,Cover
City of Dreams,3/4/92,7/25/25,165,6,7,Cover
Degenerate,10/31/11,7/25/25,18,2,7,Cover
Iron Man,10/31/11,7/25/25,4,2,7,Cover
Rock,10/4/89,7/25/25,734,21,7,Original
Rumble,10/29/17,7/25/25,12,4,7,Cover
Running Down A Dream,10/29/22,7/25/25,10,10,7,Cover
Second Skin,3/24/05,7/25/25,169,15,7,Original
Sleeping Man,3/21/95,7/25/25,246,10,7,Cover
Stop Breakin' Down Blues,10/27/00,7/25/25,202,12,7,Cover
There Is A Time,10/31/15,7/25/25,13,4,7,Cover
We Walk Each Other Home,7/30/23,7/25/25,18,18,7,Original
And It Stoned Me,2/16/87,7/26/25,170,2,6,Cover
Blight,10/27/95,7/26/25,277,17,6,Original
Cream Puff War,4/17/86,7/26/25,223,5,6,Cover
Expiration Day,12/31/01,7/26/25,97,8,6,Cover
Flat Foot Flewzy,6/26/91,7/26/25,221,6,6,Cover
Goodpeople,3/26/05,7/26/25,221,18,6,Original
Hatfield,2/8/92,7/26/25,648,16,6,Original
I'm Not Alone,6/1/87,7/26/25,520,16,6,Original
Keep Me in Your Heart,6/25/23,7/26/25,7,7,6,Cover
North,9/25/99,7/26/25,287,11,6,Cover
War Pigs,7/26/25,7/26/25,1,1,6,Original
Airplane,3/2/94,8/8/25,358,16,5,Original
Barstools and Dreamers,??/??/87,8/8/25,725,19,5,Original
Big Wooly Mammoth,10/10/95,8/8/25,275,17,5,Original
Blackout Blues,11/17/93,8/8/25,556,20,5,Original
C. Brown,2/13/86,8/8/25,813,14,5,Original
Christmas Katie,4/18/98,8/8/25,204,7,5,Original
Halloween Face,10/31/21,8/8/25,31,22,5,Original
Impossible,8/4/88,8/8/25,455,8,5,Original
Machine,10/6/86,8/8/25,543,16,5,Original
Makes Sense To Me,4/1/91,8/8/25,673,10,5,Cover
Pilgrims,9/14/92,8/8/25,575,17,5,Original
Protein Drink,12/31/01,8/8/25,146,12,5,Cover
Radio Child,3/26/95,8/8/25,419,14,5,Original
Red Hot Mama,10/31/98,8/8/25,205,16,5,Cover
Sewing Machine,12/31/01,8/8/25,149,12,5,Cover
Trashy,6/27/21,8/8/25,31,17,5,Cover
Up All Night,10/26/07,8/8/25,149,17,5,Original
Wondering,2/7/92,8/8/25,666,21,5,Original
Conrad,5/26/86,8/9/25,734,12,4,Original
Cotton Was King,5/5/10,8/9/25,121,8,4,Original
Driving Song,4/7/86,8/9/25,831,21,4,Original
Fishwater,3/8/90,8/9/25,852,19,4,Original
Genesis,4/23/87,8/9/25,156,4,4,Cover
I Walk On Guilded Splinters,9/9/88,8/9/25,211,6,4,Cover
"Lawyers, Guns, And Money",3/21/87,8/9/25,75,9,4,Cover
Let It Rock,6/16/86,8/9/25,167,4,4,Cover
May Your Glass Be Filled,3/26/05,8/9/25,91,6,4,Original
Nobody's Loss,1/19/96,8/9/25,149,5,4,Original
Papa's Home,8/27/92,8/9/25,537,18,4,Original
Pickin' Up The Pieces,6/26/91,8/9/25,501,8,4,Original
Ribs And Whiskey,11/24/90,8/9/25,245,20,4,Original
Space Wrangler,10/19/85,8/9/25,1213,20,4,Original
Travelin' Light,4/17/86,8/9/25,1043,11,4,Cover
Visiting Day,4/25/00,8/9/25,135,6,4,Original
Walkin' (For Your Love),9/29/89,8/9/25,871,20,4,Original
Ain't Life Grand,7/26/93,8/21/25,655,25,3,Original
Bear's Gone Fishin',7/1/97,8/21/25,248,18,3,Original
Bowlegged Woman,2/2/87,8/21/25,242,12,3,Cover
Cease Fire,3/20/15,8/21/25,72,12,3,Original
Chilly Water,6/22/85,8/21/25,1157,23,3,Original
Contentment Blues,??/??/87,8/21/25,268,5,3,Original
Don't Be Denied,6/1/87,8/21/25,77,4,3,Cover
Fixin' To Die,6/25/90,8/21/25,114,3,3,Cover
Imitation Leather Shoes,4/2/00,8/21/25,302,11,3,Original
King Baby,6/25/23,8/21/25,20,20,3,Original
Knocking 'Round The Zoo,4/7/86,8/21/25,161,5,3,Cover
Life During Wartime,10/31/03,8/21/25,87,9,3,Cover
One Arm Steve,4/18/98,8/21/25,312,15,3,Original
Pleas,1/22/88,8/21/25,580,20,3,Original
Ride Me High,11/4/96,8/21/25,308,17,3,Cover
Shut Up And Drive,5/8/10,8/21/25,110,12,3,Original
Small Town,6/23/24,8/21/25,6,6,3,Original
Tackle Box Hero,1/17/23,8/21/25,14,14,3,Original
Tall Boy,8/3/95,8/21/25,512,23,3,Original
You Got Yours,9/16/95,8/21/25,267,17,3,Original
Action Man,4/1/00,8/22/25,280,15,2,Original
Arleen,7/15/87,8/22/25,236,9,2,Cover
Aunt Avis,9/9/95,8/22/25,268,11,2,Cover
Bust It Big,9/26/03,8/22/25,240,24,2,Original
Climb To Safety,1/20/96,8/22/25,418,24,2,Cover
Diner,2/7/92,8/22/25,661,18,2,Original
Drums,10/19/85,8/22/25,1612,30,2,Original
For What It's Worth,??/??/85,8/22/25,38,8,2,Cover
Gimme,11/19/88,8/22/25,197,4,2,Original
Goin' Out West,1/20/96,8/22/25,236,14,2,Cover
Greta,3/30/96,8/22/25,440,23,2,Original
Henry Parsons Died,10/25/92,8/22/25,709,21,2,Cover
Jack,8/4/88,8/22/25,514,18,2,Original
Little Kin,4/24/93,8/22/25,444,17,2,Original
Little Lilly,11/17/98,8/22/25,242,19,2,Original
Love Tractor,6/16/89,8/22/25,993,23,2,Original
Saint Ex,5/7/10,8/22/25,152,22,2,Original
Smokestack Lightning,4/5/86,8/22/25,70,5,2,Cover
Tie Your Shoes,3/17/86,8/22/25,337,17,2,Original
All Time Low,4/18/98,8/23/25,365,24,1,Original
Blue Indian,10/6/98,8/23/25,311,20,1,Original
Cosmic Confidante,5/24/24,8/23/25,5,5,1,Original
Dear Prudence,3/13/22,8/23/25,9,5,1,Cover
Disco,8/4/88,8/23/25,565,21,1,Original
Dyin' Man,4/20/97,8/23/25,265,7,1,Original
Holden Oversoul,3/22/88,8/23/25,815,24,1,Original
Little By Little,7/29/23,8/23/25,21,21,1,Original
Low Spark Of High Heeled Boys,2/13/86,8/23/25,230,8,1,Cover
Party At Your Mama's House,5/7/97,8/23/25,227,17,1,Original
Pigeons,10/23/86,8/23/25,1103,24,1,Original
Porch Song,3/17/86,8/23/25,1172,24,1,Original
Postcard,10/6/86,8/23/25,257,12,1,Original
Rebirtha,1/23/93,8/23/25,429,22,1,Original
Red Beans,4/27/92,8/23/25,115,1,1,Cover
Surprise Valley,6/27/99,8/23/25,390,23,1,Original
This Part Of Town,11/27/99,8/23/25,176,11,1,Original
Thought Sausage,4/18/00,8/23/25,237,17,1,Original
Worry,??/??/85,8/23/25,440,7,1,Original
